model,kv_quant,context_len,prefill_ms,prefill_tok_s,decode_tok_s,kv_cache_mb,vram_peak_mb,vram_reserved_mb,vram_overflow,ppl_ref,ppl_quant,delta_ppl,needle_score
gemma-4-E4B,FP16,4096,305.5,13407.0,16.4,224.0,16140.0,16550.0,False,7.6437,,,1.0
gemma-4-E4B,FP16,8192,801.1,10226.0,16.2,448.0,17156.0,17982.0,False,7.6437,,,1.0
gemma-4-E4B,FP16,16384,2279.5,7188.0,10.8,896.0,19284.0,20854.0,False,7.6437,,,1.0
gemma-4-E4B,FP16,32768,7121.8,4601.0,6.0,1792.0,24661.0,28680.0,False,7.6437,,,1.0
gemma-4-E4B,INT2,4096,642.7,6373.0,12.6,35.0,15786.0,16248.0,False,7.6437,7.4552,-0.1885,1.0
gemma-4-E4B,INT2,8192,1141.8,7175.0,12.8,70.0,16449.0,17366.0,False,7.6437,7.4552,-0.1885,1.0
gemma-4-E4B,INT2,16384,2881.0,5687.0,9.3,140.0,17869.0,20822.0,False,7.6437,7.4552,-0.1885,1.0
gemma-4-E4B,INT2,32768,8503.0,3854.0,5.7,280.0,21829.0,25772.0,False,7.6437,7.4552,-0.1885,1.0
gemma-4-E4B,INT2-KIVI,4096,646.9,6332.0,12.6,35.0,15786.0,16240.0,False,7.6437,7.6071,-0.0366,1.0
gemma-4-E4B,INT2-KIVI,8192,1183.1,6924.0,12.6,70.0,16449.0,17462.0,False,7.6437,7.6071,-0.0366,1.0
gemma-4-E4B,INT2-KIVI,16384,2925.3,5601.0,9.3,140.0,17869.0,20822.0,False,7.6437,7.6071,-0.0366,1.0
gemma-4-E4B,INT2-KIVI,32768,8463.1,3872.0,5.7,280.0,21829.0,25772.0,False,7.6437,7.6071,-0.0366,1.0
gemma-4-E4B,INT4,4096,540.1,7584.0,14.2,63.0,15843.0,16312.0,False,7.6437,7.6446,0.0009,1.0
gemma-4-E4B,INT4,8192,1048.5,7813.0,13.4,126.0,16561.0,17510.0,False,7.6437,7.6446,0.0009,1.0
gemma-4-E4B,INT4,16384,2783.7,5886.0,9.6,252.0,18093.0,21140.0,False,7.6437,7.6446,0.0009,1.0
gemma-4-E4B,INT4,32768,8344.0,3927.0,5.7,504.0,22277.0,26476.0,False,7.6437,7.6446,0.0009,1.0
gemma-4-E4B,INT8,4096,449.3,9116.0,15.1,119.0,15955.0,16416.0,False,7.6437,7.64,-0.0037,1.0
gemma-4-E4B,INT8,8192,978.7,8370.0,14.1,238.0,16784.0,17734.0,False,7.6437,7.64,-0.0037,1.0
gemma-4-E4B,INT8,16384,2696.5,6076.0,10.0,476.0,18541.0,21526.0,False,7.6437,7.64,-0.0037,1.0
gemma-4-E4B,INT8,32768,8100.5,4045.0,6.0,952.0,23173.0,28204.0,False,7.6437,7.64,-0.0037,1.0
Mistral-7B,FP16,4096,432.8,9465.0,37.9,512.0,15327.0,15482.0,False,4.611,,,0.5
Mistral-7B,FP16,8192,1105.5,7410.0,26.1,1024.0,16865.0,17226.0,False,4.611,,,0.5
Mistral-7B,FP16,16384,3208.3,5107.0,16.4,2048.0,20037.0,21002.0,False,4.611,,,0.5
Mistral-7B,FP16,32768,9855.4,3325.0,9.4,4096.0,26893.0,28170.0,False,4.611,,,0.5
Mistral-7B,INT2,4096,1170.4,3500.0,22.9,80.0,14463.0,14774.0,False,4.611,4.7481,0.1371,0.5
Mistral-7B,INT2,8192,1900.3,4311.0,17.7,160.0,15137.0,15542.0,False,4.611,4.7481,0.1371,0.5
Mistral-7B,INT2,16384,4584.1,3574.0,12.3,320.0,16581.0,17618.0,False,4.611,4.7481,0.1371,0.5
Mistral-7B,INT2,32768,12828.2,2554.0,6.9,640.0,20109.0,22294.0,False,4.611,4.7481,0.1371,0.5
Mistral-7B,INT2-KIVI,4096,1164.0,3519.0,23.0,80.0,14463.0,14774.0,False,4.611,4.9786,0.3676,0.35
Mistral-7B,INT2-KIVI,8192,1871.3,4378.0,17.6,160.0,15137.0,15542.0,False,4.611,4.9786,0.3676,0.35
Mistral-7B,INT2-KIVI,16384,4563.6,3590.0,12.4,320.0,16581.0,17618.0,False,4.611,4.9786,0.3676,0.35
Mistral-7B,INT2-KIVI,32768,12826.1,2555.0,6.9,640.0,20109.0,22294.0,False,4.611,4.9786,0.3676,0.35
Mistral-7B,INT4,4096,1118.4,3662.0,23.9,144.0,14591.0,14888.0,False,4.611,4.613,0.002,0.5
Mistral-7B,INT4,8192,2016.2,4063.0,18.0,288.0,15393.0,15926.0,False,4.611,4.613,0.002,0.5
Mistral-7B,INT4,16384,4554.0,3598.0,12.4,576.0,17093.0,18138.0,False,4.611,4.613,0.002,0.5
Mistral-7B,INT4,32768,12734.5,2573.0,7.1,1152.0,21133.0,22422.0,False,4.611,4.613,0.002,0.5
Mistral-7B,INT8,4096,876.7,4672.0,27.6,272.0,14847.0,15160.0,False,4.611,4.6104,-0.0006,0.5
Mistral-7B,INT8,8192,1748.1,4686.0,20.3,544.0,15905.0,16438.0,False,4.611,4.6104,-0.0006,0.5
Mistral-7B,INT8,16384,4068.2,4027.0,13.7,1088.0,18117.0,19160.0,False,4.611,4.6104,-0.0006,0.5
Mistral-7B,INT8,32768,11680.1,2805.0,7.7,2176.0,23181.0,24980.0,False,4.611,4.6104,-0.0006,0.5
Qwen2-7B,FP16,4096,299.0,13700.0,60.4,224.0,15541.0,15664.0,False,6.2642,,,1.0
Qwen2-7B,FP16,8192,634.7,12907.0,61.9,448.0,16547.0,17090.0,False,6.2642,,,1.0
Qwen2-7B,FP16,16384,1429.2,11464.0,61.6,896.0,18559.0,19630.0,False,6.2642,,,1.0
Qwen2-7B,FP16,32768,3378.4,9699.0,57.0,1792.0,22584.0,23734.0,False,6.2642,,,1.0
Qwen2-7B,INT2,4096,760.6,5385.0,29.7,35.0,15162.0,15326.0,False,6.2642,35932.5195,35926.2553,0.0
Qwen2-7B,INT2,8192,1170.5,6998.0,29.2,70.0,15790.0,16090.0,False,6.2642,35932.5195,35926.2553,0.0
Qwen2-7B,INT2,16384,2038.4,8038.0,28.9,140.0,17048.0,17788.0,False,6.2642,35932.5195,35926.2553,0.0
Qwen2-7B,INT2,32768,4548.1,7205.0,25.5,280.0,19559.0,21378.0,False,6.2642,35932.5195,35926.2553,0.0
Qwen2-7B,INT2-KIVI,4096,766.8,5342.0,29.8,35.0,15162.0,15326.0,False,6.2642,2279.562,2273.2978,0.0
Qwen2-7B,INT2-KIVI,8192,1168.0,7013.0,29.1,70.0,15790.0,16090.0,False,6.2642,2279.562,2273.2978,0.0
Qwen2-7B,INT2-KIVI,16384,2059.6,7955.0,29.1,140.0,17048.0,17788.0,False,6.2642,2279.562,2273.2978,0.0
Qwen2-7B,INT2-KIVI,32768,4501.3,7280.0,25.8,280.0,19559.0,21378.0,False,6.2642,2279.562,2273.2978,0.0
Qwen2-7B,INT4,4096,706.7,5796.0,32.8,63.0,15218.0,15382.0,False,6.2642,3057.8196,3051.5554,0.0
Qwen2-7B,INT4,8192,1082.7,7567.0,33.7,126.0,15904.0,16422.0,False,6.2642,3057.8196,3051.5554,0.0
Qwen2-7B,INT4,16384,2053.8,7977.0,32.6,252.0,17271.0,18316.0,False,6.2642,3057.8196,3051.5554,0.0
Qwen2-7B,INT4,32768,4420.4,7413.0,28.3,504.0,20007.0,22024.0,False,6.2642,3057.8196,3051.5554,0.0
Qwen2-7B,INT8,4096,551.8,7422.0,40.2,119.0,15332.0,15542.0,False,6.2642,6.2646,0.0004,1.0
Qwen2-7B,INT8,8192,935.6,8756.0,35.5,238.0,16127.0,16538.0,False,6.2642,6.2646,0.0004,1.0
Qwen2-7B,INT8,16384,1842.8,8891.0,36.3,476.0,17719.0,18540.0,False,6.2642,6.2646,0.0004,1.0
Qwen2-7B,INT8,32768,4144.4,7907.0,32.5,952.0,20903.0,22930.0,False,6.2642,6.2646,0.0004,1.0
Qwen3-8B,FP16,4096,348.2,11765.0,36.2,576.0,17201.0,17314.0,False,8.3489,,,1.0
Qwen3-8B,FP16,8192,753.0,10880.0,37.0,1152.0,18771.0,18998.0,False,8.3489,,,1.0
Qwen3-8B,FP16,16384,1760.3,9307.0,35.6,2304.0,21911.0,22600.0,False,8.3489,,,1.0
Qwen3-8B,FP16,32768,5171.2,6337.0,34.6,4608.0,28192.0,30306.0,False,8.3489,,,1.0
Qwen3-8B,INT2,4096,1057.8,3872.0,20.4,90.0,16229.0,16416.0,False,8.3489,52.0538,43.7049,1.0
Qwen3-8B,INT2,8192,1458.7,5616.0,20.3,180.0,16827.0,17394.0,False,8.3489,52.0538,43.7049,1.0
Qwen3-8B,INT2,16384,2941.0,5571.0,18.3,360.0,18023.0,19132.0,False,8.3489,52.0538,43.7049,1.0
Qwen3-8B,INT2,32768,7212.7,4543.0,13.2,720.0,20416.0,22342.0,False,8.3489,52.0538,43.7049,1.0
Qwen3-8B,INT2-KIVI,4096,926.4,4421.0,20.8,90.0,16229.0,16414.0,False,8.3489,9.1625,0.8136,1.0
Qwen3-8B,INT2-KIVI,8192,1437.0,5701.0,20.0,180.0,16827.0,17458.0,False,8.3489,9.1625,0.8136,1.0
Qwen3-8B,INT2-KIVI,16384,2936.1,5580.0,18.6,360.0,18023.0,19132.0,False,8.3489,9.1625,0.8136,1.0
Qwen3-8B,INT2-KIVI,32768,6844.1,4788.0,13.3,720.0,20416.0,22856.0,False,8.3489,9.1625,0.8136,1.0
Qwen3-8B,INT4,4096,876.7,4672.0,24.0,162.0,16373.0,16654.0,False,8.3489,8.5737,0.2248,1.0
Qwen3-8B,INT4,8192,1411.5,5804.0,23.2,324.0,17115.0,17712.0,False,8.3489,8.5737,0.2248,1.0
Qwen3-8B,INT4,16384,2793.3,5865.0,20.3,648.0,18599.0,20176.0,False,8.3489,8.5737,0.2248,1.0
Qwen3-8B,INT4,32768,6568.6,4989.0,14.2,1296.0,21568.0,23880.0,False,8.3489,8.5737,0.2248,1.0
Qwen3-8B,INT8,4096,704.0,5818.0,27.8,306.0,16661.0,16910.0,False,8.3489,8.3497,0.0008,1.0
Qwen3-8B,INT8,8192,1105.0,7414.0,25.9,612.0,17691.0,18288.0,False,8.3489,8.3497,0.0008,1.0
Qwen3-8B,INT8,16384,2394.4,6843.0,22.6,1224.0,19751.0,21052.0,False,8.3489,8.3497,0.0008,1.0
Qwen3-8B,INT8,32768,5697.3,5751.0,16.7,2448.0,23872.0,25928.0,False,8.3489,8.3497,0.0008,1.0
Yi-1.5-9B,FP16,4096,420.4,9743.0,35.9,384.0,18005.0,18242.0,False,4.8505,,,0.6
Yi-1.5-9B,FP16,8192,932.9,8781.0,35.5,768.0,19161.0,19462.0,False,4.8505,,,0.6
Yi-1.5-9B,FP16,16384,2110.7,7762.0,35.8,1536.0,21473.0,22402.0,False,4.8505,,,0.6
Yi-1.5-9B,FP16,32768,5328.4,6150.0,35.9,3072.0,26098.0,27490.0,False,4.8505,,,0.6
Yi-1.5-9B,INT2,4096,1090.2,3757.0,18.7,60.0,17357.0,17480.0,False,4.8505,5.061,0.2105,0.35
Yi-1.5-9B,INT2,8192,1736.0,4719.0,18.2,120.0,17865.0,18206.0,False,4.8505,5.061,0.2105,0.35
Yi-1.5-9B,INT2,16384,3057.9,5358.0,18.3,240.0,18881.0,19774.0,False,4.8505,5.061,0.2105,0.35
Yi-1.5-9B,INT2,32768,6802.6,4817.0,15.9,480.0,20914.0,23138.0,False,4.8505,5.061,0.2105,0.35
Yi-1.5-9B,INT2-KIVI,4096,1100.5,3722.0,18.7,60.0,17357.0,17480.0,False,4.8505,5.7253,0.8748,0.2
Yi-1.5-9B,INT2-KIVI,8192,1736.5,4718.0,18.2,120.0,17865.0,18206.0,False,4.8505,5.7253,0.8748,0.2
Yi-1.5-9B,INT2-KIVI,16384,3025.2,5416.0,18.6,240.0,18881.0,19774.0,False,4.8505,5.7253,0.8748,0.2
Yi-1.5-9B,INT2-KIVI,32768,6722.6,4874.0,16.5,480.0,20914.0,23138.0,False,4.8505,5.7253,0.8748,0.2
Yi-1.5-9B,INT4,4096,1019.4,4018.0,20.2,108.0,17453.0,17574.0,False,4.8505,4.8567,0.0062,0.55
Yi-1.5-9B,INT4,8192,1652.7,4957.0,21.1,216.0,18057.0,18550.0,False,4.8505,4.8567,0.0062,0.55
Yi-1.5-9B,INT4,16384,2983.5,5492.0,20.3,432.0,19265.0,20286.0,False,4.8505,4.8567,0.0062,0.55
Yi-1.5-9B,INT4,32768,6808.2,4813.0,17.6,864.0,21682.0,23922.0,False,4.8505,4.8567,0.0062,0.55
Yi-1.5-9B,INT8,4096,807.0,5076.0,25.4,204.0,17645.0,17860.0,False,4.8505,4.851,0.0005,0.6
Yi-1.5-9B,INT8,8192,1432.2,5720.0,23.9,408.0,18441.0,18782.0,False,4.8505,4.851,0.0005,0.6
Yi-1.5-9B,INT8,16384,2784.1,5885.0,23.7,816.0,20033.0,20904.0,False,4.8505,4.851,0.0005,0.6
Yi-1.5-9B,INT8,32768,6108.9,5364.0,20.3,1632.0,23218.0,24862.0,False,4.8505,4.851,0.0005,0.6
